id,title,titleHa,category,lga,year,status,agency,cost,location,indexPage,evidencePage,pdfPage,documentedInReport,verification
1,"NITDA North-East Zonal Office, Gombe","NITDA North-East Zonal Office, Gombe",Public Infrastructure & Services,Gombe,2022,Completed,NITDA,"₦318,169,671.00",Gombe State,15,15,45,True,Report documented — independent verification not yet added
2,"NCC North-East Zonal Office, Gombe","NCC North-East Zonal Office, Gombe",Public Infrastructure & Services,Gombe,2022,Completed,NCC,"₦101,480,000 (listed; ₦25,370,000/year from 2020)",Gombe State,16,16,46,True,Report documented — independent verification not yet added
3,NCC Gombe Permanent Zonal Office.,NCC Gombe Permanent Zonal Office.,Public Infrastructure & Services,Statewide / Unspecified,2022,Completed,NCC,"₦397,182,887.92","Adjacent Flossy Hospital, Gombe State",18,18,48,True,Report documented — independent verification not yet added
4,"GBB North-East Zonal Office, Gombe","GBB North-East Zonal Office, Gombe",Public Infrastructure & Services,Gombe,2021,Completed,Galaxy Backbone (GBB),"₦408,383,229.78 (land, construction + external works)",Gombe State,19,19,49,True,Report documented — independent verification not yet added
5,"NIGCOMSAT North-East Zonal Office, Gombe","NIGCOMSAT North-East Zonal Office, Gombe",Public Infrastructure & Services,Gombe,2021,Completed,NIGCOMSAT,,Gombe State,21,21,51,True,Report documented — independent verification not yet added
6,"North-East Zonal ICT Hub, Gombe","North-East Zonal ICT Hub, Gombe",Digital Centres & Innovation,Statewide / Unspecified,2018,Completed,NITDA,≈₦350 million,Gombe State,22,22,52,True,Report documented — independent verification not yet added
7,North-East Digital Park,North-East Digital Park,Digital Centres & Innovation,Statewide / Unspecified,,Documented in source index,,,,24,24,54,True,Report documented — independent verification not yet added
8,Digital Park inGombe state.,Digital Park inGombe state.,Digital Centres & Innovation,Statewide / Unspecified,2022,Completed,NCC,≈₦1.2 billion (building and digital facilities),"Federal Teaching Hospital, Gombe",25,25,55,True,Report documented — independent verification not yet added
9,"GBB NICTIB II, 1866 KM of 48 Core Fiber from Kano","GBB NICTIB II, 1866 KM of 48 Core Fiber from Kano",Broadband & Connectivity,Statewide / Unspecified,,Documented in source index,,,,26,26,56,True,Report documented — independent verification not yet added
10,"NICTIB II, 1866 KM of 48 Core Fiber from Kano","NICTIB II, 1866 KM of 48 Core Fiber from Kano",Broadband & Connectivity,Statewide / Unspecified,2022,Completed,Galaxy Backbone (GBB),≈₦3 billion (document estimate for Gombe only),Kano–Gombe–North East fibre corridor,27,27,57,True,Report documented — independent verification not yet added
11,NIPOST Shops and Restaurants,NIPOST Shops and Restaurants,Public Infrastructure & Services,Statewide / Unspecified,,Documented in source index,,,,28,28,58,True,Report documented — independent verification not yet added
12,NITDAICT HUB atFU Kashere,NITDAICT HUB atFU Kashere,Digital Centres & Innovation,Akko,2020,Completed,NITDA,"₦343,574,920.88","Federal University Kashere, Akko LGA",39,30,60,True,Report documented — independent verification not yet added
13,NITDA Virtual Library with 50 computers and unlimited internet,NITDA Virtual Library with 50 computers and unlimited internet,Education & Devices,Statewide / Unspecified,2018,Completed,NITDA,₦150 million (including equipping and internet subscription),"Federal University Kashere, Akko LGA",31,31,61,True,Report documented — independent verification not yet added
14,"NITDAIT Innovation & Incubation Park, Gombe State University","NITDAIT Innovation & Incubation Park, Gombe State University",Digital Centres & Innovation,Gombe,2020,Completed,NITDA,"₦331,318,867.00",Gombe State University,34,34,64,True,Report documented — independent verification not yet added
15,"Donation of Computer for College of Education, Billiri","Donation of Computer for College of Education, Billiri",Education & Devices,Billiri,,Documented in source index,,,,36,36,66,True,Report documented — independent verification not yet added
16,"Broadband Infrastructure Project at FU Kashere, Federal University Kashere, Gombe State","Aikin Babban Tsarin Sadarwar Intanet at FU Kashere, Federal University Kashere, Gombe State",Broadband & Connectivity,Akko,,Documented in source index,,,,39,39,69,True,Report documented — independent verification not yet added
17,"Broadband Infrastructure Project at Central Primary School, Gombe","Aikin Babban Tsarin Sadarwar Intanet at Central Primary School, Gombe",Broadband & Connectivity,Gombe,,Documented in source index,,,,39,39,69,True,Report documented — independent verification not yet added
18,"Broadband Infrastructure Project at Pen Resource University (Now North-Eastern University), Gombe","Aikin Babban Tsarin Sadarwar Intanet at Pen Resource University (Now North-Eastern University), Gombe",Broadband & Connectivity,Gombe,,Documented in source index,,,,39,39,69,True,Report documented — independent verification not yet added
19,"Broadband Infrastructure Project at Government Vocational Training Centre, Bolari East Kamara Gombe, Gombe State, (Free broadband to staff and Students).","Aikin Babban Tsarin Sadarwar Intanet at Government Vocational Training Centre, Bolari East Kamara Gombe, Gombe State, (Free broadband to staff and Students).",Broadband & Connectivity,Gombe,,Documented in source index,,,,39,39,69,True,Report documented — independent verification not yet added
20,"Broadband Infrastructure Project at College of Education, Billiri, PMB 011, Billiri, Gombe State. (Free broadband for staff and students).","Aikin Babban Tsarin Sadarwar Intanet at College of Education, Billiri, PMB 011, Billiri, Gombe State. (Free broadband for staff and students).",Broadband & Connectivity,Billiri,,Documented in source index,,,,39,39,69,True,Report documented — independent verification not yet added
21,"Broadband Infrastructure Project at Gombe State Polytechnic Bajoga, Gombe State. (Free broadband for staff and students).","Aikin Babban Tsarin Sadarwar Intanet at Gombe State Polytechnic Bajoga, Gombe State. (Free broadband for staff and students).",Broadband & Connectivity,Funakaye,,Documented in source index,,,,40,40,70,True,Report documented — independent verification not yet added
22,"Broadband Infrastructure Project at Government Day Secondary School Hashidu, Dukku LGA, Gombe State. (Free broadband for staff and Students).","Aikin Babban Tsarin Sadarwar Intanet at Government Day Secondary School Hashidu, Dukku LGA, Gombe State. (Free broadband for staff and Students).",Broadband & Connectivity,Dukku,,Documented in source index,,,,40,40,70,True,Report documented — independent verification not yet added
23,"Broadband Infrastructure Project at Mus'ab Bn Umair College of Education Bajoga, Bajoga LGA, Gombe State. (Free broadband for staff and students).","Aikin Babban Tsarin Sadarwar Intanet at Mus'ab Bn Umair College of Education Bajoga, Bajoga LGA, Gombe State. (Free broadband for staff and students).",Broadband & Connectivity,Funakaye,,Documented in source index,,,,40,40,70,True,Report documented — independent verification not yet added
24,"Broadband Infrastructure Project at College of Health Technology, Kaltungo, Gombe State. (Free broadband for staff and students).","Aikin Babban Tsarin Sadarwar Intanet at College of Health Technology, Kaltungo, Gombe State. (Free broadband for staff and students).",Broadband & Connectivity,Kaltungo,,Documented in source index,,,,40,40,70,True,Report documented — independent verification not yet added
25,"Broadband Infrastructure Project at New Market Gombe in the sum of about N338,238,241.9 (Three Hundred Thirty-Eight Million Two Hundred Thirty-Eight Thousand Two Hundred Forty-One Naira, Ninety Kobo).","Aikin Babban Tsarin Sadarwar Intanet at New Market Gombe in the sum of about N338,238,241.9 (Three Hundred Thirty-Eight Million Two Hundred Thirty-Eight Thousand Two Hundred Forty-One Naira, Ninety Kobo).",Broadband & Connectivity,Statewide / Unspecified,,Documented in source index,,,,40,40,70,True,Report documented — independent verification not yet added
26,Broadband Infrastructure Project at Gombe State University.,Aikin Babban Tsarin Sadarwar Intanet at Gombe State University.,Broadband & Connectivity,Gombe,,Documented in source index,,,,40,40,70,True,Report documented — independent verification not yet added
27,"Broadband Infrastructure Project at Federal College of Education (Technical), Gombe State, in the sum of about N210,272,150.00.","Aikin Babban Tsarin Sadarwar Intanet at Federal College of Education (Technical), Gombe State, in the sum of about N210,272,150.00.",Broadband & Connectivity,Statewide / Unspecified,,Documented in source index,,,,41,41,71,True,Report documented — independent verification not yet added
28,"Broadband Infrastructure Project at Gombe State Polytechnic, Bajoga, Gombe State, in the sum of about N284,350,246.51.","Aikin Babban Tsarin Sadarwar Intanet at Gombe State Polytechnic, Bajoga, Gombe State, in the sum of about N284,350,246.51.",Broadband & Connectivity,Funakaye,,Documented in source index,,,,41,41,71,True,Report documented — independent verification not yet added
29,"Broadband Infrastructure Project at Gombe Lawanti International Airport, in the sum of about N222,038,025.00.","Aikin Babban Tsarin Sadarwar Intanet at Gombe Lawanti International Airport, in the sum of about N222,038,025.00.",Broadband & Connectivity,Statewide / Unspecified,,Documented in source index,,,,41,41,71,True,Report documented — independent verification not yet added
30,Broadband Infrastructure Project at Gombe Main Market,Aikin Babban Tsarin Sadarwar Intanet at Gombe Main Market,Broadband & Connectivity,Gombe,,Documented in source index,,,,41,41,71,True,Report documented — independent verification not yet added
31,"Digital Capacity Building Centre at JIBWIS Science Secondary School, Gombe, Gombe State","Cibiyar Gina Ƙwarewar Fasahar Zamani at JIBWIS Science Secondary School, Gombe, Gombe State",Digital Skills & Literacy,Gombe,2016,Completed,NITDA,"₦20,925,250.00","JIBWIS Science Secondary School, Gombe",45,45,75,True,Report documented — independent verification not yet added
32,"Digital Capacity Building Centre at Markazu Science Secondary School, Gombe State","Cibiyar Gina Ƙwarewar Fasahar Zamani at Markazu Science Secondary School, Gombe State",Digital Skills & Literacy,Gombe,,Documented in source index,,,,45,45,75,True,Report documented — independent verification not yet added
33,"Digital Capacity Building Centre at Government Science Secondary School, Gombe, Gombe State","Cibiyar Gina Ƙwarewar Fasahar Zamani at Government Science Secondary School, Gombe, Gombe State",Digital Skills & Literacy,Gombe,,Documented in source index,,,,47,47,77,True,Report documented — independent verification not yet added
34,"Digital Capacity Building Centre at Federal College of Horticultural Technology, Gombe State","Cibiyar Gina Ƙwarewar Fasahar Zamani at Federal College of Horticultural Technology, Gombe State",Digital Skills & Literacy,Gombe,,Documented in source index,,,,48,48,78,True,Report documented — independent verification not yet added
35,"Digital Capacity Building Centre at Science Intensive School, Gombe State","Cibiyar Gina Ƙwarewar Fasahar Zamani at Science Intensive School, Gombe State",Digital Skills & Literacy,Gombe,,Documented in source index,,,,49,49,79,True,Report documented — independent verification not yet added
36,"Digital Capacity Building Centre at Government Day Secondary School, Herwagana, Gombe State","Cibiyar Gina Ƙwarewar Fasahar Zamani at Government Day Secondary School, Herwagana, Gombe State",Digital Skills & Literacy,Gombe,,Documented in source index,,,,50,50,80,True,Report documented — independent verification not yet added
37,"Digital Capacity Building Centre at Government Day Secondary school, Pantami, Gombe, Gombe State","Cibiyar Gina Ƙwarewar Fasahar Zamani at Government Day Secondary school, Pantami, Gombe, Gombe State",Digital Skills & Literacy,Gombe,,Documented in source index,,,,51,51,81,True,Report documented — independent verification not yet added
38,"Digital Capacity Building Centre at Shehu Abubakar Day Secondary School, Bolari, Gombe State","Cibiyar Gina Ƙwarewar Fasahar Zamani at Shehu Abubakar Day Secondary School, Bolari, Gombe State",Digital Skills & Literacy,Gombe,,Documented in source index,,,,51,51,81,True,Report documented — independent verification not yet added
39,"Digital Capacity Building Centre at Government Day Secondary School, Gandu, Gombe State","Cibiyar Gina Ƙwarewar Fasahar Zamani at Government Day Secondary School, Gandu, Gombe State",Digital Skills & Literacy,Gombe,,Documented in source index,,,,52,52,82,True,Report documented — independent verification not yet added
40,"Digital Capacity Building Centre at ICT Centre, Gombe Local Govt Secretariat, Gombe State","Cibiyar Gina Ƙwarewar Fasahar Zamani at ICT Centre, Gombe Local Govt Secretariat, Gombe State",Digital Skills & Literacy,Gombe,,Documented in source index,,,,52,52,82,True,Report documented — independent verification not yet added
41,"Digital Job Creation Centre at Government Vocational College, Tula Wange, Kaltungo LGA, Gombe State","Cibiyar Samar da Ayyukan Yi na Dijital at Government Vocational College, Tula Wange, Kaltungo LGA, Gombe State",Digital Centres & Innovation,Kaltungo,2017,Completed,NITDA,"₦21,172,058.50","Government Vocational College, Tula Wange, Kaltungo LGA",57,57,87,True,Report documented — independent verification not yet added
42,"Digital Job Creation Centre at Shehu Abubakar Centre for Research and Capacity Development, Gombe Emirate Council, Gombe, Gombe State","Cibiyar Samar da Ayyukan Yi na Dijital at Shehu Abubakar Centre for Research and Capacity Development, Gombe Emirate Council, Gombe, Gombe State",Digital Centres & Innovation,Gombe,,Documented in source index,,,,57,57,87,True,Report documented — independent verification not yet added
43,"Digital Job Creation Centre at Baptist Academy, Gombe, Gombe State","Cibiyar Samar da Ayyukan Yi na Dijital at Baptist Academy, Gombe, Gombe State",Digital Centres & Innovation,Gombe,,Documented in source index,,,,58,58,88,True,Report documented — independent verification not yet added
44,"Digital Job Creation Centre at Gombe State College for legal and Islamic studies, Nafada, Gombe State","Cibiyar Samar da Ayyukan Yi na Dijital at Gombe State College for legal and Islamic studies, Nafada, Gombe State",Digital Centres & Innovation,Nafada,,Documented in source index,,,,59,59,89,True,Report documented — independent verification not yet added
45,"Digital Job Creation Centre at Day Secondary School, Bajoga, Gombe State","Cibiyar Samar da Ayyukan Yi na Dijital at Day Secondary School, Bajoga, Gombe State",Digital Centres & Innovation,Funakaye,,Documented in source index,,,,60,60,90,True,Report documented — independent verification not yet added
46,"Digital Job Creation Centre at Kwaine Community College for Arabic Studies, Gombe, Gombe State","Cibiyar Samar da Ayyukan Yi na Dijital at Kwaine Community College for Arabic Studies, Gombe, Gombe State",Digital Centres & Innovation,Gombe,,Documented in source index,,,,61,61,91,True,Report documented — independent verification not yet added
47,"Digital Job Creation Centre at Ma'ahad Secondary School, Commercial Area Behind Gombe Central Market, Gombe State","Cibiyar Samar da Ayyukan Yi na Dijital at Ma'ahad Secondary School, Commercial Area Behind Gombe Central Market, Gombe State",Digital Centres & Innovation,Gombe,,Documented in source index,,,,62,62,92,True,Report documented — independent verification not yet added
48,"Digital Job Creation Centre at JIBWIS College of Arabic & Islamic EducationGombe, Gombe State","Cibiyar Samar da Ayyukan Yi na Dijital at JIBWIS College of Arabic & Islamic EducationGombe, Gombe State",Digital Centres & Innovation,Gombe,,Documented in source index,,,,63,63,93,True,Report documented — independent verification not yet added
49,"Digital Job Creation Centre at Government Arabic College, Gombe, Gombe State","Cibiyar Samar da Ayyukan Yi na Dijital at Government Arabic College, Gombe, Gombe State",Digital Centres & Innovation,Gombe,,Documented in source index,,,,64,64,94,True,Report documented — independent verification not yet added
50,"Digital Divide Bridging Centre at Government Vocational Training Centre, Bolari East Kamara Gombe, Gombe State","Cibiyar Rage Gibin Fasahar Zamani at Government Vocational Training Centre, Bolari East Kamara Gombe, Gombe State",Digital Skills & Literacy,Gombe,2018,Completed,NITDA,"₦22,842,130.00","Government Vocational Training Centre, Bolari East Kamara, Gombe",67,67,97,True,Report documented — independent verification not yet added
51,"Digital Divide Bridging Centre at College of Education, Billiri, Gombe State","Cibiyar Rage Gibin Fasahar Zamani at College of Education, Billiri, Gombe State",Digital Centres & Innovation,Billiri,,Documented in source index,,,,69,69,99,True,Report documented — independent verification not yet added
52,"Digital Divide Bridging Centre at Gombe State Polytechnic Bajoga, Gombe State","Cibiyar Rage Gibin Fasahar Zamani at Gombe State Polytechnic Bajoga, Gombe State",Digital Centres & Innovation,Funakaye,,Documented in source index,,,,70,70,100,True,Report documented — independent verification not yet added
53,"Digital Divide Bridging Centre at Government Day Secondary School Hashidu, Dukku LGA, Gombe State","Cibiyar Rage Gibin Fasahar Zamani at Government Day Secondary School Hashidu, Dukku LGA, Gombe State",Digital Centres & Innovation,Dukku,,Documented in source index,,,,71,71,101,True,Report documented — independent verification not yet added
54,"Digital Divide Bridging Centre at Bioresources Development Center, Billiri, Gombe State","Cibiyar Rage Gibin Fasahar Zamani at Bioresources Development Center, Billiri, Gombe State",Digital Centres & Innovation,Billiri,,Documented in source index,,,,72,72,102,True,Report documented — independent verification not yet added
55,"Digital Divide Bridging Centre at Mus'ab Bn Umair College of Education Bajoga, Bajoga LGA, Gombe State","Cibiyar Rage Gibin Fasahar Zamani at Mus'ab Bn Umair College of Education Bajoga, Bajoga LGA, Gombe State",Digital Centres & Innovation,Funakaye,,Documented in source index,,,,73,73,103,True,Report documented — independent verification not yet added
56,"Digital Divide Bridging Centre at College of Health Technology, Kaltungo, Kaltungo, Gombe State","Cibiyar Rage Gibin Fasahar Zamani at College of Health Technology, Kaltungo, Kaltungo, Gombe State",Digital Centres & Innovation,Kaltungo,,Documented in source index,,,,74,74,104,True,Report documented — independent verification not yet added
57,"Digital Capacity Training Centre at Federal Government Girls’ College, Bajoga, Gombe State","Cibiyar Horar da Ƙwarewar Fasahar Zamani at Federal Government Girls’ College, Bajoga, Gombe State",Digital Skills & Literacy,Funakaye,2019,Completed,NITDA,"₦28,048,700.00","Federal Government Girls’ College, Bajoga",77,77,107,True,Report documented — independent verification not yet added
58,"Digital Capacity Training Centre at Gombe Children School, Gombe, Gombe State","Cibiyar Horar da Ƙwarewar Fasahar Zamani at Gombe Children School, Gombe, Gombe State",Digital Skills & Literacy,Gombe,,Documented in source index,,,,78,78,108,True,Report documented — independent verification not yet added
59,"Digital Capacity Training Centre at Nigerian Television Authority Gombe, Gombe State","Cibiyar Horar da Ƙwarewar Fasahar Zamani at Nigerian Television Authority Gombe, Gombe State",Digital Skills & Literacy,Gombe,,Documented in source index,,,,719,79,109,True,Report documented — independent verification not yet added
60,"Digital Capacity Training Centre at Imam Nafi Academy, Gombe, Gombe State","Cibiyar Horar da Ƙwarewar Fasahar Zamani at Imam Nafi Academy, Gombe, Gombe State",Digital Skills & Literacy,Gombe,,Documented in source index,,,,80,80,110,True,Report documented — independent verification not yet added
61,"Digital Economy Centre & E-Learning Facilities at Gombe State College of Education and Legal Studies, Nafada","Cibiyar Tattalin Arzikin Dijital da Kayan Koyo ta Intanet at Gombe State College of Education and Legal Studies, Nafada",Digital Centres & Innovation,Nafada,2022,Completed,NITDA,"₦31,737,092.50","Gombe State College of Education and Legal Studies, Nafada",83,83,113,True,Report documented — independent verification not yet added
62,"Digital Economy Centre & E-Learning Facilities at Deba Emirate Council, Progress Association","Cibiyar Tattalin Arzikin Dijital da Kayan Koyo ta Intanet at Deba Emirate Council, Progress Association",Digital Centres & Innovation,Yamaltu/Deba,,Documented in source index,,,,84,84,114,True,Report documented — independent verification not yet added
63,"Digital Economy Centre & E-Learning Facilities at Science Intensive School, By Pass, Akko LGA","Cibiyar Tattalin Arzikin Dijital da Kayan Koyo ta Intanet at Science Intensive School, By Pass, Akko LGA",Digital Centres & Innovation,Akko,,Documented in source index,,,,85,85,115,True,Report documented — independent verification not yet added
64,"Digital Economy Centre & E-Learning Facilities at Federal Polytechnic Kaltungo, Kaltungo LGA","Cibiyar Tattalin Arzikin Dijital da Kayan Koyo ta Intanet at Federal Polytechnic Kaltungo, Kaltungo LGA",Digital Centres & Innovation,Kaltungo,,Documented in source index,,,,86,86,116,True,Report documented — independent verification not yet added
65,"Digital Economy Centre & E-Learning Facilities at Government Comprehensive Day Secondary School, Talasse, Balanga L.GA","Cibiyar Tattalin Arzikin Dijital da Kayan Koyo ta Intanet at Government Comprehensive Day Secondary School, Talasse, Balanga L.GA",Digital Centres & Innovation,Balanga,,Documented in source index,,,,87,87,117,True,Report documented — independent verification not yet added
66,"Digital Economy Centre & E-Learning Facilities at Gombe State Polytechnic, Bajoga Funakaye LG","Cibiyar Tattalin Arzikin Dijital da Kayan Koyo ta Intanet at Gombe State Polytechnic, Bajoga Funakaye LG",Digital Centres & Innovation,Funakaye,,Documented in source index,,,,88,88,118,True,Report documented — independent verification not yet added
67,"Digital Economy Centre & E-Learning Facilities at Hajarat School of Arabic and Islamic Studies, Gombe","Cibiyar Tattalin Arzikin Dijital da Kayan Koyo ta Intanet at Hajarat School of Arabic and Islamic Studies, Gombe",Digital Centres & Innovation,Gombe,,Documented in source index,,,,89,89,119,True,Report documented — independent verification not yet added
68,"Digital Economy Centre & E-Learning Facilities at Government SCIENCE Secondary School, Malam Sidi, Kwami LGA","Cibiyar Tattalin Arzikin Dijital da Kayan Koyo ta Intanet at Government SCIENCE Secondary School, Malam Sidi, Kwami LGA",Digital Centres & Innovation,Kwami,,Documented in source index,,,,90,90,120,True,Report documented — independent verification not yet added
69,"Digital Economy Centre & E-Learning Facilities at Government Comprehensive Secondary School, Dadin Kowa, Yamaltu Deba LGA","Cibiyar Tattalin Arzikin Dijital da Kayan Koyo ta Intanet at Government Comprehensive Secondary School, Dadin Kowa, Yamaltu Deba LGA",Digital Centres & Innovation,Yamaltu/Deba,,Documented in source index,,,,91,91,121,True,Report documented — independent verification not yet added
70,"Digital Economy Centre & E-Learning Facilities at Matrix International Academy, Gombe, Gombe State","Cibiyar Tattalin Arzikin Dijital da Kayan Koyo ta Intanet at Matrix International Academy, Gombe, Gombe State",Digital Centres & Innovation,Gombe,,Documented in source index,,,,92,92,122,True,Report documented — independent verification not yet added
71,"Digital Economy Centre & E-Learning Facilities at Federal Teaching Hospital, Gombe","Cibiyar Tattalin Arzikin Dijital da Kayan Koyo ta Intanet at Federal Teaching Hospital, Gombe",Digital Centres & Innovation,Gombe,2020,Completed,NITDA,"₦28,561,352.50","Federal Teaching Hospital, Gombe",93,93,123,True,Report documented — independent verification not yet added
72,"Digital Economy Centre & E-Learning Facilities at Nurul huda International Academy, No 45 Alabura S Kudi Cresent GRA, Gombe","Cibiyar Tattalin Arzikin Dijital da Kayan Koyo ta Intanet at Nurul huda International Academy, No 45 Alabura S Kudi Cresent GRA, Gombe",Digital Centres & Innovation,Gombe,,Documented in source index,,,,94,94,124,True,Report documented — independent verification not yet added
73,"Digital Economy Centre & E-Learning Facilities at Government Comprehensive Secondary School, Kashere Akko LGA Gombe","Cibiyar Tattalin Arzikin Dijital da Kayan Koyo ta Intanet at Government Comprehensive Secondary School, Kashere Akko LGA Gombe",Digital Centres & Innovation,Akko,,Documented in source index,,,,95,95,125,True,Report documented — independent verification not yet added
74,"Digital Economy Centre & E-Learning Facilities at Gombe State INEC, Bolari South Gombe","Cibiyar Tattalin Arzikin Dijital da Kayan Koyo ta Intanet at Gombe State INEC, Bolari South Gombe",Digital Centres & Innovation,Gombe,,Documented in source index,,,,96,96,126,True,Report documented — independent verification not yet added
75,"Digital Economy Centre & E-Learning Facilities at Al-Waalidayn Charitable School, Gombe","Cibiyar Tattalin Arzikin Dijital da Kayan Koyo ta Intanet at Al-Waalidayn Charitable School, Gombe",Digital Centres & Innovation,Gombe,,Documented in source index,,,,97,97,127,True,Report documented — independent verification not yet added
76,Digital Economy Centre & E-Learning Facilities at Christian Association of Nigeria(CAN)Gombe,Cibiyar Tattalin Arzikin Dijital da Kayan Koyo ta Intanet at Christian Association of Nigeria(CAN)Gombe,Digital Centres & Innovation,Statewide / Unspecified,,Documented in source index,,,,98,98,128,True,Report documented — independent verification not yet added
77,"Digital Economy Centre & E-Learning Facilities at College of Nursing and Midwifery, Gombe","Cibiyar Tattalin Arzikin Dijital da Kayan Koyo ta Intanet at College of Nursing and Midwifery, Gombe",Digital Centres & Innovation,Gombe,,Documented in source index,,,,99,99,129,True,Report documented — independent verification not yet added
78,"Digital Economy Centre & E-Learning Facilities at Gombe State High Court, Gombe","Cibiyar Tattalin Arzikin Dijital da Kayan Koyo ta Intanet at Gombe State High Court, Gombe",Digital Centres & Innovation,Gombe,,Documented in source index,,,,100,100,130,True,Report documented — independent verification not yet added
79,"Community IT Training Centre & IT Hub at Pantami, Gombe State","Cibiyar Horar da Fasahar Sadarwa ta Al’umma at Pantami, Gombe State",Digital Skills & Literacy,Gombe,2019,Completed,NITDA,"₦87,650,300.00","Pantami, Gombe",102,102,132,True,Report documented — independent verification not yet added
80,"Community IT Training Centre & IT Hub at Dukku, Gombe State","Cibiyar Horar da Fasahar Sadarwa ta Al’umma at Dukku, Gombe State",Digital Skills & Literacy,Dukku,,Documented in source index,,,,103,103,133,True,Report documented — independent verification not yet added
81,"Community IT Training Centre & IT Hub at Tudun Wada, Near Gombe Emirs Palace, Gombe","Cibiyar Horar da Fasahar Sadarwa ta Al’umma at Tudun Wada, Near Gombe Emirs Palace, Gombe",Digital Skills & Literacy,Gombe,,Documented in source index,,,,104,104,134,True,Report documented — independent verification not yet added
82,Community IT Training Centre & IT Hub at Gombe State,Cibiyar Horar da Fasahar Sadarwa ta Al’umma at Gombe State,Digital Skills & Literacy,Statewide / Unspecified,,Documented in source index,,,,105,105,135,True,Report documented — independent verification not yet added
83,"Community IT Training Centre & IT Hub at Kaltungo, Gombe State","Cibiyar Horar da Fasahar Sadarwa ta Al’umma at Kaltungo, Gombe State",Digital Skills & Literacy,Kaltungo,,Documented in source index,,,,106,106,136,True,Report documented — independent verification not yet added
84,IT Centre in Pantami Primary School (The Alma Mater of Prof. Isa Pantami) Gombe State,IT Centre in Pantami Primary School (The Alma Mater of Prof. Isa Pantami) Gombe State,Education & Devices,Gombe,2021,Completed,NCC/USPF,≈₦150 million,"Pantami Primary School, Gombe",107,107,137,True,Report documented — independent verification not yet added
85,"Community IT Training Centre & IT Hub at FCE, Gombe State","Cibiyar Horar da Fasahar Sadarwa ta Al’umma at FCE, Gombe State",Digital Skills & Literacy,Gombe,,Documented in source index,,,,108,108,138,True,Report documented — independent verification not yet added
86,National Adopted Village for Smart Agriculture Project (Many Farmers Trained and Empowered in Gombe State),National Adopted Village for Smart Agriculture Project (Many Farmers Trained and Empowered in Gombe State),Agriculture,Statewide / Unspecified,,Documented,NITDA,≈₦650 million (programme cost stated in source),Gombe State / multi-state programme,109,109,139,True,Report documented — independent verification not yet added
87,"Promoting Digital Literacy and Providing Laptops to Select Teachers Government Science Secondary School, Gombe","Inganta Ilimin Dijital da Samar da Kwamfutocin Tafi-da-gidanka ga Wasu Malamai Government Science Secondary School, Gombe",Digital Skills & Literacy,Gombe,2019,Completed,NITDA,,"Government Science Secondary School, Gombe",114,114,144,True,Report documented — independent verification not yet added
88,"Promoting Digital Literacy and Providing Laptops to Select Teachers at Government Day Secondary School, Pantami","Inganta Ilimin Dijital da Samar da Kwamfutocin Tafi-da-gidanka ga Wasu Malamai at Government Day Secondary School, Pantami",Digital Skills & Literacy,Gombe,,Documented in source index,,,,115,115,145,True,Report documented — independent verification not yet added
89,"Promoting Digital Literacy and Providing Laptops to Select Teachers at Government Comprehensive Day Sec., Gabukka, Pantami","Inganta Ilimin Dijital da Samar da Kwamfutocin Tafi-da-gidanka ga Wasu Malamai at Government Comprehensive Day Sec., Gabukka, Pantami",Digital Skills & Literacy,Gombe,,Documented in source index,,,,115,115,145,True,Report documented — independent verification not yet added
90,"Promoting Digital Literacy and Providing Laptops to Select Teachers at Government Day Sec.,Gandu","Inganta Ilimin Dijital da Samar da Kwamfutocin Tafi-da-gidanka ga Wasu Malamai at Government Day Sec.,Gandu",Digital Skills & Literacy,Gombe,,Documented in source index,,,,115,115,145,True,Report documented — independent verification not yet added
91,Promoting Digital Literacy and Providing Laptops to Select Teachers at Government Day Secondary School Pilot,Inganta Ilimin Dijital da Samar da Kwamfutocin Tafi-da-gidanka ga Wasu Malamai at Government Day Secondary School Pilot,Digital Skills & Literacy,Statewide / Unspecified,,Documented in source index,,,,115,115,145,True,Report documented — independent verification not yet added
92,Promoting Digital Literacy and Providing Laptops to Select Teachers at Government Day Secondary School Bogo,Inganta Ilimin Dijital da Samar da Kwamfutocin Tafi-da-gidanka ga Wasu Malamai at Government Day Secondary School Bogo,Digital Skills & Literacy,Statewide / Unspecified,,Documented in source index,,,,136,116,146,True,Report documented — independent verification not yet added
93,"Promoting Digital Literacy and Providing Laptops to Select Teachers at Baptist Academy, Gombe","Inganta Ilimin Dijital da Samar da Kwamfutocin Tafi-da-gidanka ga Wasu Malamai at Baptist Academy, Gombe",Digital Skills & Literacy,Gombe,,Documented in source index,,,,117,117,147,True,Report documented — independent verification not yet added
94,"Promoting Digital Literacy and Providing Laptops to Select Teachers at JIBWIS Science Secondary School, Gombe","Inganta Ilimin Dijital da Samar da Kwamfutocin Tafi-da-gidanka ga Wasu Malamai at JIBWIS Science Secondary School, Gombe",Digital Skills & Literacy,Gombe,,Documented in source index,,,,117,117,147,True,Report documented — independent verification not yet added
95,"Promoting Digital Literacy and Providing Laptops to Select Teachers at Markazu Science Secondary School, Gombe","Inganta Ilimin Dijital da Samar da Kwamfutocin Tafi-da-gidanka ga Wasu Malamai at Markazu Science Secondary School, Gombe",Digital Skills & Literacy,Gombe,,Documented in source index,,,,117,117,147,True,Report documented — independent verification not yet added
96,"Promoting Digital Literacy and Providing Laptops to Select Teachers at KWAINE College of Arabic and Islamic Studies, Yelenguruza","Inganta Ilimin Dijital da Samar da Kwamfutocin Tafi-da-gidanka ga Wasu Malamai at KWAINE College of Arabic and Islamic Studies, Yelenguruza",Digital Skills & Literacy,Statewide / Unspecified,,Documented in source index,,,,118,118,148,True,Report documented — independent verification not yet added
97,"Promoting Digital Literacy and Providing Laptops to Select Teachers at Abubakar Siddiq Islamiyya Community School for Quranic Memorisation, Herwagana B Quarters, Gombe","Inganta Ilimin Dijital da Samar da Kwamfutocin Tafi-da-gidanka ga Wasu Malamai at Abubakar Siddiq Islamiyya Community School for Quranic Memorisation, Herwagana B Quarters, Gombe",Digital Skills & Literacy,Gombe,,Documented in source index,,,,118,118,148,True,Report documented — independent verification not yet added
98,"Promoting Digital Literacy and Providing Laptops to Select Teachers at Government Day Yalanguruza Secondary School, Kwanan Alheri Bread","Inganta Ilimin Dijital da Samar da Kwamfutocin Tafi-da-gidanka ga Wasu Malamai at Government Day Yalanguruza Secondary School, Kwanan Alheri Bread",Digital Skills & Literacy,Statewide / Unspecified,,Documented in source index,,,,118,118,148,True,Report documented — independent verification not yet added
99,Promoting Digital Literacy and Providing Laptops to Select Teachers at Government Comprehensive Day Secondary School Gombe,Inganta Ilimin Dijital da Samar da Kwamfutocin Tafi-da-gidanka ga Wasu Malamai at Government Comprehensive Day Secondary School Gombe,Digital Skills & Literacy,Statewide / Unspecified,,Documented in source index,,,,119,119,149,True,Report documented — independent verification not yet added
100,"Promoting Digital Literacy and Providing Laptops to Select Teachers at Shehu Abubakar Government Day Secondary School, Gombe","Inganta Ilimin Dijital da Samar da Kwamfutocin Tafi-da-gidanka ga Wasu Malamai at Shehu Abubakar Government Day Secondary School, Gombe",Digital Skills & Literacy,Gombe,,Documented in source index,,,,119,119,149,True,Report documented — independent verification not yet added
101,Promoting Digital Literacy and Providing Laptops to Select Teachers at Government Science and Technical Gombe (Vocational),Inganta Ilimin Dijital da Samar da Kwamfutocin Tafi-da-gidanka ga Wasu Malamai at Government Science and Technical Gombe (Vocational),Digital Skills & Literacy,Statewide / Unspecified,,Documented in source index,,,,119,119,149,True,Report documented — independent verification not yet added
102,Promoting Digital Literacy and Providing Laptops to Select Teachers at Hassan Central Comprehensive Day Secondary School Gombe,Inganta Ilimin Dijital da Samar da Kwamfutocin Tafi-da-gidanka ga Wasu Malamai at Hassan Central Comprehensive Day Secondary School Gombe,Digital Skills & Literacy,Statewide / Unspecified,,Documented in source index,,,,119,119,149,True,Report documented — independent verification not yet added
103,Promoting Digital Literacy and Providing Laptops to Select Teachers at Community Secondary School Dukku,Inganta Ilimin Dijital da Samar da Kwamfutocin Tafi-da-gidanka ga Wasu Malamai at Community Secondary School Dukku,Digital Skills & Literacy,Dukku,,Documented in source index,,,,119,119,149,True,Report documented — independent verification not yet added
104,Promoting Digital Literacy and Providing Laptops to Select Teachers at Community Secondary School Bajoga,Inganta Ilimin Dijital da Samar da Kwamfutocin Tafi-da-gidanka ga Wasu Malamai at Community Secondary School Bajoga,Digital Skills & Literacy,Funakaye,,Documented in source index,,,,120,120,150,True,Report documented — independent verification not yet added
105,Promoting Digital Literacy and Providing Laptops to Select Teachers at Government Secondary School M/Sidi,Inganta Ilimin Dijital da Samar da Kwamfutocin Tafi-da-gidanka ga Wasu Malamai at Government Secondary School M/Sidi,Digital Skills & Literacy,Statewide / Unspecified,,Documented in source index,,,,120,120,150,True,Report documented — independent verification not yet added
106,Promoting Digital Literacy and Providing Laptops to Select Teachers at Government Secondary School Kwadon,Inganta Ilimin Dijital da Samar da Kwamfutocin Tafi-da-gidanka ga Wasu Malamai at Government Secondary School Kwadon,Digital Skills & Literacy,Akko,,Documented in source index,,,,120,120,150,True,Report documented — independent verification not yet added
107,Promoting Digital Literacy and Providing Laptops to Select Teachers at Government Secondary School Kunuwal,Inganta Ilimin Dijital da Samar da Kwamfutocin Tafi-da-gidanka ga Wasu Malamai at Government Secondary School Kunuwal,Digital Skills & Literacy,Akko,,Documented in source index,,,,120,120,150,True,Report documented — independent verification not yet added
108,Promoting Digital Literacy and Providing Laptops to Select Teachers at Government Secondary School Akko Amada,Inganta Ilimin Dijital da Samar da Kwamfutocin Tafi-da-gidanka ga Wasu Malamai at Government Secondary School Akko Amada,Digital Skills & Literacy,Akko,,Documented in source index,,,,120,120,150,True,Report documented — independent verification not yet added
109,Promoting Digital Literacy and Providing Laptops to Select ‘Teachers at Government Girls Secondary School Kumo,Promoting Digital Literacy and Providing Laptops to Select ‘Teachers at Government Girls Secondary School Kumo,Digital Skills & Literacy,Akko,,Documented in source index,,,,121,121,151,True,Report documented — independent verification not yet added
110,Promoting Digital Literacy and Providing Laptops to Select Teachers at Government Junior Secondary School Tumu,Inganta Ilimin Dijital da Samar da Kwamfutocin Tafi-da-gidanka ga Wasu Malamai at Government Junior Secondary School Tumu,Digital Skills & Literacy,Statewide / Unspecified,,Documented in source index,,,,121,121,151,True,Report documented — independent verification not yet added
111,Promoting Digital Literacy and Providing Laptops to Select ‘Teachers at Government Day Secondary School Bam-Bam Balanga L.G.A,Promoting Digital Literacy and Providing Laptops to Select ‘Teachers at Government Day Secondary School Bam-Bam Balanga L.G.A,Digital Skills & Literacy,Balanga,,Documented in source index,,,,121,121,151,True,Report documented — independent verification not yet added
112,Promoting Digital Literacy and Providing Laptops to Select Teachers at Government Day Secondary School Filiya Shongom L.GA,Inganta Ilimin Dijital da Samar da Kwamfutocin Tafi-da-gidanka ga Wasu Malamai at Government Day Secondary School Filiya Shongom L.GA,Digital Skills & Literacy,Shongom,,Documented in source index,,,,121,121,151,True,Report documented — independent verification not yet added
113,Promoting Digital Literacy and Providing Laptops to Select Teachers at Government Science Secondary School Kaltungo,Inganta Ilimin Dijital da Samar da Kwamfutocin Tafi-da-gidanka ga Wasu Malamai at Government Science Secondary School Kaltungo,Digital Skills & Literacy,Kaltungo,,Documented in source index,,,,122,122,152,True,Report documented — independent verification not yet added
114,"Promoting Digital Literacy and Providing Laptops to Select Teachers at Government Day Secondary School Tal, Billiri L.G.A","Inganta Ilimin Dijital da Samar da Kwamfutocin Tafi-da-gidanka ga Wasu Malamai at Government Day Secondary School Tal, Billiri L.G.A",Digital Skills & Literacy,Billiri,,Documented in source index,,,,122,122,152,True,Report documented — independent verification not yet added
115,"Promoting Digital Literacy and Providing Laptops to Select Teachers at Government Secondary School Cham, Balanga L.G.A","Inganta Ilimin Dijital da Samar da Kwamfutocin Tafi-da-gidanka ga Wasu Malamai at Government Secondary School Cham, Balanga L.G.A",Digital Skills & Literacy,Balanga,,Documented in source index,,,,122,122,152,True,Report documented — independent verification not yet added
116,"Promoting Digital Literacy and Providing Laptops to Select Teachers at Government Secondary School, Todi, Billiri L.G.A","Inganta Ilimin Dijital da Samar da Kwamfutocin Tafi-da-gidanka ga Wasu Malamai at Government Secondary School, Todi, Billiri L.G.A",Digital Skills & Literacy,Billiri,,Documented in source index,,,,122,122,152,True,Report documented — independent verification not yet added
117,Promoting Digital Literacy and Providing Laptops to Imams and Pastors in Gombe State,Promoting Digital Literacy and Providing Laptops to Imams and Pastors in Gombe State,Digital Skills & Literacy,Statewide / Unspecified,,Documented in source index,,,,123,123,153,True,Report documented — independent verification not yet added
118,Wireless Internet Cloud at Federal Teaching Hospital Gombe,Wireless Internet Cloud at Federal Teaching Hospital Gombe,Broadband & Connectivity,Statewide / Unspecified,,Documented in source index,,,,126,126,156,True,Report documented — independent verification not yet added
119,Wireless Internet Cloud at Federal College of Education Gombe,Wireless Internet Cloud at Federal College of Education Gombe,Broadband & Connectivity,Statewide / Unspecified,,Documented in source index,,,,126,126,156,True,Report documented — independent verification not yet added
120,Wireless Internet Cloud at Gombe State University,Wireless Internet Cloud at Gombe State University,Broadband & Connectivity,Gombe,,Documented in source index,,,,126,126,156,True,Report documented — independent verification not yet added
121,"CBT for JAMB, Gombe State","CBT for JAMB, Gombe State",Digital Centres & Innovation,Statewide / Unspecified,,Documented in source index,,,,109,129,159,True,Report documented — independent verification not yet added
122,"CBT Centre, Gombe State","CBT Centre, Gombe State",Digital Centres & Innovation,Gombe,,Documented in source index,,,,130,130,160,True,Report documented — independent verification not yet added
123,"Computer Based Test (CBT) Computers, FCE Gombe","Computer Based Test (CBT) Computers, FCE Gombe",Digital Centres & Innovation,Statewide / Unspecified,,Documented in source index,,,,131,131,161,True,Report documented — independent verification not yet added
124,"Provision of ICT and Assistive Technologies for the Challenged Groups (E-Access) at Special School Gombe, Gombe State","Provision of ICT and Assistive Technologies for the Challenged Groups (E-Access) at Special School Gombe, Gombe State",Digital Centres & Innovation,Gombe,,Documented in source index,,,,133,133,163,True,Report documented — independent verification not yet added
125,"Advanced Digital Awareness Program for Tertiary Institutions (ADAPTI) at Federal University, Kashere, Gombe State","Babban Shirin Wayar da Kai kan Fasahar Dijital ga Makarantun Gaba da Sakandare (ADAPTI) at Federal University, Kashere, Gombe State",Digital Skills & Literacy,Akko,,Documented in source index,,,,137,137,167,True,Report documented — independent verification not yet added
126,"Advanced Digital Awareness Program for Tertiary Institutions (ADAPTI) at Federal Teaching Hospital, Gombe State","Babban Shirin Wayar da Kai kan Fasahar Dijital ga Makarantun Gaba da Sakandare (ADAPTI) at Federal Teaching Hospital, Gombe State",Digital Skills & Literacy,Gombe,,Documented in source index,,,,137,137,167,True,Report documented — independent verification not yet added
127,"Advanced Digital Awareness Program for Tertiary Institutions (ADAPTI) at College of Health and Science Technology Kaltungo, Gombe State","Babban Shirin Wayar da Kai kan Fasahar Dijital ga Makarantun Gaba da Sakandare (ADAPTI) at College of Health and Science Technology Kaltungo, Gombe State",Digital Skills & Literacy,Kaltungo,,Documented in source index,,,,137,137,167,True,Report documented — independent verification not yet added
128,"Advanced Digital Awareness Program for Tertiary Institutions (ADAPTI) at College of Education, Billiri, Gombe State","Babban Shirin Wayar da Kai kan Fasahar Dijital ga Makarantun Gaba da Sakandare (ADAPTI) at College of Education, Billiri, Gombe State",Digital Skills & Literacy,Billiri,,Documented in source index,,,,137,137,167,True,Report documented — independent verification not yet added
129,"Advanced Digital Awareness Program for Tertiary Institutions (ADAPTI) at Kaltungo Polytechnic, Kaltungo, Gombe State","Babban Shirin Wayar da Kai kan Fasahar Dijital ga Makarantun Gaba da Sakandare (ADAPTI) at Kaltungo Polytechnic, Kaltungo, Gombe State",Digital Skills & Literacy,Kaltungo,,Documented in source index,,,,138,138,168,True,Report documented — independent verification not yet added
130,"Advanced Digital Awareness Program for Tertiary Institutions (ADAPTI) at Vocational Training Centre, Gombe State","Babban Shirin Wayar da Kai kan Fasahar Dijital ga Makarantun Gaba da Sakandare (ADAPTI) at Vocational Training Centre, Gombe State",Digital Skills & Literacy,Gombe,,Documented in source index,,,,138,138,168,True,Report documented — independent verification not yet added
131,Digital Awareness Program at Gadam Comprehensive Day Secondary Sch. Gombe State,Shirin Wayar da Kai kan Fasahar Dijital at Gadam Comprehensive Day Secondary Sch. Gombe State,Digital Skills & Literacy,Statewide / Unspecified,,Documented in source index,,,,141,141,171,True,Report documented — independent verification not yet added
132,"Digital Awareness Program at Government Secondary School, Gombe, Gombe State","Shirin Wayar da Kai kan Fasahar Dijital at Government Secondary School, Gombe, Gombe State",Digital Skills & Literacy,Gombe,,Documented in source index,,,,141,141,171,True,Report documented — independent verification not yet added
133,"Digital Awareness Program at Government Day Secondary School, Billiri, Gombe State","Shirin Wayar da Kai kan Fasahar Dijital at Government Day Secondary School, Billiri, Gombe State",Digital Skills & Literacy,Billiri,,Documented in source index,,,,141,141,171,True,Report documented — independent verification not yet added
134,Digital Awareness Program atGovernmentDay,Shirin Wayar da Kai kan Fasahar Dijital atGovernmentDay,Digital Skills & Literacy,Statewide / Unspecified,,Documented in source index,,,,142,142,172,True,Report documented — independent verification not yet added
135,"Digital Awareness Program at Government Girls Senior Secondary School, Kumo, Gombe State.","Shirin Wayar da Kai kan Fasahar Dijital at Government Girls Senior Secondary School, Kumo, Gombe State.",Digital Skills & Literacy,Akko,,Documented in source index,,,,142,142,172,True,Report documented — independent verification not yet added
136,"Tertiary Institution Digital Centre, College of Education, Billiri","Tertiary Institution Digital Centre, College of Education, Billiri",Other Documented Projects,Billiri,,Documented in source index,,,,143,143,173,True,Report documented — independent verification not yet added
137,"School Knowledge Centre at Government Day Secondary School Pilot, Gombe","Cibiyar Ilimi ta Makaranta at Government Day Secondary School Pilot, Gombe",Digital Centres & Innovation,Gombe,,Documented in source index,,,,147,147,177,True,Report documented — independent verification not yet added
138,"School Knowledge Centre at Government Day Secondary Gabukka, Gombe.","Cibiyar Ilimi ta Makaranta at Government Day Secondary Gabukka, Gombe.",Digital Centres & Innovation,Gombe,,Documented in source index,,,,148,148,178,True,Report documented — independent verification not yet added
139,"School Knowledge Centre at Government Day Secondary Jekadafari, Gombe","Cibiyar Ilimi ta Makaranta at Government Day Secondary Jekadafari, Gombe",Digital Centres & Innovation,Gombe,,Documented in source index,,,,149,149,179,True,Report documented — independent verification not yet added
140,"School Knowledge Centre at Government Day Central Secondary School, Bambam Balanga Government Hassan Gombe State","Cibiyar Ilimi ta Makaranta at Government Day Central Secondary School, Bambam Balanga Government Hassan Gombe State",Digital Centres & Innovation,Balanga,,Documented in source index,,,,150,150,180,True,Report documented — independent verification not yet added
141,"School Knowledge Centre at Model Junior Secondary School Deba, Gombe State","Cibiyar Ilimi ta Makaranta at Model Junior Secondary School Deba, Gombe State",Digital Centres & Innovation,Yamaltu/Deba,,Documented in source index,,,,150,150,180,True,Report documented — independent verification not yet added
142,"School Knowledge Centre at Comprehensive Day Secondary School, Hassan Central,Gombe State","Cibiyar Ilimi ta Makaranta at Comprehensive Day Secondary School, Hassan Central,Gombe State",Digital Centres & Innovation,Gombe,,Documented in source index,,,,151,151,181,True,Report documented — independent verification not yet added
143,"School Knowledge Centre at Government Girls Sec. School, Kaltungo","Cibiyar Ilimi ta Makaranta at Government Girls Sec. School, Kaltungo",Digital Centres & Innovation,Kaltungo,,Documented in source index,,,,152,152,182,True,Report documented — independent verification not yet added
144,"School Knowledge Centre at Government Junior Secondary School, Idi","Cibiyar Ilimi ta Makaranta at Government Junior Secondary School, Idi",Digital Centres & Innovation,Statewide / Unspecified,,Documented in source index,,,,152,152,182,True,Report documented — independent verification not yet added
145,"School Knowledge Centre at Government Day Secondary Gabukka, Gombe.","Cibiyar Ilimi ta Makaranta at Government Day Secondary Gabukka, Gombe.",Digital Centres & Innovation,Gombe,,Documented in source index,,,,152,152,182,True,Report documented — independent verification not yet added
146,"School Knowledge Centre at Government Day Secondary Ahmadu Jekadafari, Gombe","Cibiyar Ilimi ta Makaranta at Government Day Secondary Ahmadu Jekadafari, Gombe",Digital Centres & Innovation,Gombe,,Documented in source index,,,,152,152,182,True,Report documented — independent verification not yet added
147,"School Knowledge Centre at Model Junior Secondary School, Deba Gombe State","Cibiyar Ilimi ta Makaranta at Model Junior Secondary School, Deba Gombe State",Digital Centres & Innovation,Yamaltu/Deba,,Documented in source index,,,,153,153,183,True,Report documented — independent verification not yet added
148,"School Knowledge Centre at Government Day Secondary School Pilot, Gombe","Cibiyar Ilimi ta Makaranta at Government Day Secondary School Pilot, Gombe",Digital Centres & Innovation,Gombe,,Documented in source index,,,,153,153,183,True,Report documented — independent verification not yet added
149,Digital Nigeria Centre at Junior Secondary School Nafada Central Gombe State,Digital Nigeria Centre at Junior Secondary School Nafada Central Gombe State,Digital Centres & Innovation,Nafada,,Documented in source index,,,,156,156,186,True,Report documented — independent verification not yet added
150,"Digital Nigeria Centre at Vocational Training Centre Gombe, Gombe State","Digital Nigeria Centre at Vocational Training Centre Gombe, Gombe State",Digital Skills & Literacy,Gombe,,Documented in source index,,,,156,156,186,True,Report documented — independent verification not yet added
151,"Digital Nigeria Centre at GSSS Gombe, Gombe State","Digital Nigeria Centre at GSSS Gombe, Gombe State",Digital Centres & Innovation,Gombe,,Documented in source index,,,,156,156,186,True,Report documented — independent verification not yet added
152,"Local Content Development at Nafada Community Secondary School, Nafada Local Government, Gombe State","Local Content Development at Nafada Community Secondary School, Nafada Local Government, Gombe State",Digital Centres & Innovation,Nafada,,Documented in source index,,,,158,158,188,True,Report documented — independent verification not yet added
153,"Local Content Development at Nafada Community Secondary School, Nafada Local Government, Gombe State","Local Content Development at Nafada Community Secondary School, Nafada Local Government, Gombe State",Digital Centres & Innovation,Nafada,,Documented in source index,,,,158,158,188,True,Report documented — independent verification not yet added
154,"Local Content Development at Government Secondary School, Tongo, Tongo Local Government, Gombe State","Local Content Development at Government Secondary School, Tongo, Tongo Local Government, Gombe State",Digital Centres & Innovation,Gombe,,Documented in source index,,,,159,159,189,True,Report documented — independent verification not yet added
155,"Local Content Development at Arqam Secondary School, Gombe Local Government, Gombe State","Local Content Development at Arqam Secondary School, Gombe Local Government, Gombe State",Digital Centres & Innovation,Gombe,,Documented in source index,,,,159,159,189,True,Report documented — independent verification not yet added
156,"Local Content Development at Nafada Community Secondary School, Nafada Local Government, Gombe State","Local Content Development at Nafada Community Secondary School, Nafada Local Government, Gombe State",Digital Centres & Innovation,Nafada,,Documented in source index,,,,159,159,189,True,Report documented — independent verification not yet added
157,"Local Content Development at Government Junior Secondary School, Dukku, Gombe State","Local Content Development at Government Junior Secondary School, Dukku, Gombe State",Digital Centres & Innovation,Dukku,,Documented in source index,,,,159,159,189,True,Report documented — independent verification not yet added
158,"School Knowledge Centre at Community Secondary Sch. Boh Shongom, Kaltungo/Shongom, Gombe State","Cibiyar Ilimi ta Makaranta at Community Secondary Sch. Boh Shongom, Kaltungo/Shongom, Gombe State",Digital Centres & Innovation,Shongom,,Documented in source index,,,,160,160,190,True,Report documented — independent verification not yet added
159,"Local Content Development at Government Secondary School Hinna, Yamaltu/Deba, Gombe State","Local Content Development at Government Secondary School Hinna, Yamaltu/Deba, Gombe State",Digital Centres & Innovation,Yamaltu/Deba,,Documented in source index,,,,160,160,190,True,Report documented — independent verification not yet added
160,"Local Content Development at Government Day Secondary School, Shehu Abubakar, Gombe, Gombe State","Local Content Development at Government Day Secondary School, Shehu Abubakar, Gombe, Gombe State",Digital Centres & Innovation,Gombe,,Documented in source index,,,,160,160,190,True,Report documented — independent verification not yet added
161,"Digital Nigeria Centre at Government Science Secondary School, Gombe, Gombe State","Digital Nigeria Centre at Government Science Secondary School, Gombe, Gombe State",Digital Centres & Innovation,Gombe,,Documented in source index,,,,160,160,190,True,Report documented — independent verification not yet added
162,"Rural Broadband Initiative (RUBI) Project at Kaltungo, Kaltungo LGA, Gombe State","Aikin Faɗaɗa Intanet a Yankunan Karkara (RUBI) at Kaltungo, Kaltungo LGA, Gombe State",Broadband & Connectivity,Kaltungo,,Documented in source index,,,,162,162,192,True,Report documented — independent verification not yet added
163,"Rural Broadband Initiative (RUBI) Project at Pantami, Pantami LGA, Gombe State","Aikin Faɗaɗa Intanet a Yankunan Karkara (RUBI) at Pantami, Pantami LGA, Gombe State",Broadband & Connectivity,Gombe,,Documented in source index,,,,162,162,192,True,Report documented — independent verification not yet added
164,"Rural Broadband Initiative (RUBI) Project at Gombe, Gombe LGA, Gombe State","Aikin Faɗaɗa Intanet a Yankunan Karkara (RUBI) at Gombe, Gombe LGA, Gombe State",Broadband & Connectivity,Statewide / Unspecified,,Documented in source index,,,,163,163,193,True,Report documented — independent verification not yet added
165,"Rural Broadband Initiative (RUBI) Project at Bajoga, Bajoga LGA, Gombe State","Aikin Faɗaɗa Intanet a Yankunan Karkara (RUBI) at Bajoga, Bajoga LGA, Gombe State",Broadband & Connectivity,Funakaye,,Documented in source index,,,,163,163,193,True,Report documented — independent verification not yet added
166,Base Transceiver Stations (2022 Projects) across Different Locations in Gombe State and Local Government Areas,Base Transceiver Stations (2022 Projects) across Different Locations in Gombe State and Local Government Areas,Broadband & Connectivity,Statewide / Unspecified,,Documented in source index,,,,165,165,195,True,Report documented — independent verification not yet added
167,Base Transceiver Stations (2021 Projects) across Different Locations in Gombe State and Local Government Areas,Base Transceiver Stations (2021 Projects) across Different Locations in Gombe State and Local Government Areas,Broadband & Connectivity,Statewide / Unspecified,,Documented in source index,,,,165,165,195,True,Report documented — independent verification not yet added
168,Emerging Technology Centre at Gombe State,Emerging Technology Centre at Gombe State,Digital Centres & Innovation,Statewide / Unspecified,,Documented in source index,,,,167,167,197,True,Report documented — independent verification not yet added
169,"Emerging Technology Centre at Government SCIENCE Secondary school, Gombe","Emerging Technology Centre at Government SCIENCE Secondary school, Gombe",Digital Centres & Innovation,Gombe,,Documented in source index,,,,167,167,197,True,Report documented — independent verification not yet added
170,"Campus Connectivity Network at Government SCIENCE Secondary School, Gombe","Campus Connectivity Network at Government SCIENCE Secondary School, Gombe",Broadband & Connectivity,Gombe,,Documented in source index,,,,169,169,199,True,Report documented — independent verification not yet added
171,"Campus Connectivity Network at Gombe State University, Gombe","Campus Connectivity Network at Gombe State University, Gombe",Broadband & Connectivity,Gombe,,Documented in source index,,,,169,169,199,True,Report documented — independent verification not yet added
172,Campus Connectivity Network at Gombe State Polytechnic Bajoga,Campus Connectivity Network at Gombe State Polytechnic Bajoga,Broadband & Connectivity,Funakaye,,Documented in source index,,,,170,170,200,True,Report documented — independent verification not yet added
173,VSAT Skills Acquisition and Youth Empowerment (100 Youth) in Gombe State,VSAT Skills Acquisition and Youth Empowerment (100 Youth) in Gombe State,Broadband & Connectivity,Statewide / Unspecified,,Documented in source index,,,,171,171,201,True,Report documented — independent verification not yet added
174,Rehabilitation of Main Post Office Building at Gombe State,Rehabilitation of Main Post Office Building at Gombe State,Other Documented Projects,Statewide / Unspecified,,Documented in source index,,,,172,172,202,True,Report documented — independent verification not yet added
175,Upgrading of International Postal System (IPS) Gombe State,Upgrading of International Postal System (IPS) Gombe State,Public Infrastructure & Services,Statewide / Unspecified,,Documented in source index,,,,173,173,203,True,Report documented — independent verification not yet added
176,Address Authentication System Gombe State,Address Authentication System Gombe State,Public Infrastructure & Services,Statewide / Unspecified,,Documented in source index,,,,173,173,203,True,Report documented — independent verification not yet added
177,"Rollout & launch of the NIMC Android Enrolment Software, Gombe State","Rollout & launch of the NIMC Android Enrolment Software, Gombe State",Public Infrastructure & Services,Statewide / Unspecified,,Documented in source index,,,,173,173,203,True,Report documented — independent verification not yet added
178,"Active Enrolment Centers (ERCs) and Enrolment Devices Increased, Gombe State","Active Enrolment Centers (ERCs) and Enrolment Devices Increased, Gombe State",Public Infrastructure & Services,Gombe,,Documented in source index,,,,173,173,203,True,Report documented — independent verification not yet added
179,"Front-End Partners (FEPs) Employment Opportunities, Gombe State","Front-End Partners (FEPs) Employment Opportunities, Gombe State",Jobs & Empowerment,Statewide / Unspecified,,Documented in source index,,,,174,174,204,True,Report documented — independent verification not yet added
180,E-Health 2019 Project at General Hospital Kashere Gombe State,E-Health 2019 Project at General Hospital Kashere Gombe State,Health,Akko,,Documented in source index,,,,174,174,204,True,Report documented — independent verification not yet added
181,ICT Capacity Building for Members of Civil Society and Youths Conducted in Gombe State,ICT Capacity Building for Members of Civil Society and Youths Conducted in Gombe State,Digital Skills & Literacy,Statewide / Unspecified,,Documented in source index,,,,174,174,204,True,Report documented — independent verification not yet added
182,Artisan Training on GSM Repairs for Youths in Gombe State (200 Participants),Artisan Training on GSM Repairs for Youths in Gombe State (200 Participants),Digital Skills & Literacy,Statewide / Unspecified,,Documented in source index,,,,175,175,205,True,Report documented — independent verification not yet added
183,"Capacity Building Workshop on Women ICT Entrepreneurship (for 100 Participants), Gombe State","Capacity Building Workshop on Women ICT Entrepreneurship (for 100 Participants), Gombe State",Digital Skills & Literacy,Statewide / Unspecified,,Documented in source index,,,,175,175,205,True,Report documented — independent verification not yet added
184,"ICT Training for Persons with Disabilities (for 100 Participants), Gombe State","ICT Training for Persons with Disabilities (for 100 Participants), Gombe State",Digital Skills & Literacy,Statewide / Unspecified,,Documented in source index,,,,176,176,206,True,Report documented — independent verification not yet added
185,Digital job creation in Gombe State.,Digital job creation in Gombe State.,Jobs & Empowerment,Statewide / Unspecified,,Documented in source index,,,,176,176,206,True,Report documented — independent verification not yet added
186,"Digital Job creation for youth in the North-East Zone, Gombe state","Digital Job creation for youth in the North-East Zone, Gombe state",Jobs & Empowerment,Statewide / Unspecified,,Documented in source index,,,,177,177,207,True,Report documented — independent verification not yet added
187,School Renovation CSR by Airtel at Pantami,School Renovation CSR by Airtel at Pantami,Education & Devices,Gombe,,Documented in source index,,,,178,178,208,True,Report documented — independent verification not yet added
188,Hospital Building Project at Pantami,Hospital Building Project at Pantami,Health,Gombe,,Documented in source index,,,,183,183,213,True,Report documented — independent verification not yet added
189,"Hospital Building Project at Malala, DukkuLGA","Hospital Building Project at Malala, DukkuLGA",Health,Dukku,,Documented in source index,,,,184,184,214,True,Report documented — independent verification not yet added
190,Distribution of 100 Computers to Religious Leaders Part I,Distribution of 100 Computers to Religious Leaders Part I,Education & Devices,Statewide / Unspecified,,Documented in source index,,,,185,185,215,True,Report documented — independent verification not yet added
191,Distribution of 100 Computers to Religious Leaders Part II,Distribution of 100 Computers to Religious Leaders Part II,Education & Devices,Statewide / Unspecified,,Documented in source index,,,,185,185,215,True,Report documented — independent verification not yet added
192,One Month Software Development Training at Gombe State University,One Month Software Development Training at Gombe State University,Digital Skills & Literacy,Gombe,,Documented in source index,,,,185,185,215,True,Report documented — independent verification not yet added
193,Donation of 60 HP Laptops to Gombe State University,Donation of 60 HP Laptops to Gombe State University,Education & Devices,Gombe,,Documented in source index,,,,186,186,216,True,Report documented — independent verification not yet added
194,Purchase of Transformers for Gombe Main Market,Purchase of Transformers for Gombe Main Market,Public Infrastructure & Services,Gombe,,Documented in source index,,,,186,186,216,True,Report documented — independent verification not yet added
195,Automation Support for Digitalisation at Federal Teaching Hospital Gombe,Automation Support for Digitalisation at Federal Teaching Hospital Gombe,Health,Statewide / Unspecified,,Documented in source index,,,,187,187,217,True,Report documented — independent verification not yet added
196,Donation of 100 e-Tablets to Federal Teaching Hospital Gombe,Donation of 100 e-Tablets to Federal Teaching Hospital Gombe,Education & Devices,Statewide / Unspecified,,Documented in source index,,,,187,187,217,True,Report documented — independent verification not yet added
197,"Supply, Installation and Configuration of 115 units of E-Pad at Gombe State University","Supply, Installation and Configuration of 115 units of E-Pad at Gombe State University",Education & Devices,Gombe,,Documented in source index,,,,187,187,217,True,Report documented — independent verification not yet added
198,Pantami Primary School Gombe,Pantami Primary School Gombe,Education & Devices,Gombe,,Documented in source index,,,,188,188,218,True,Report documented — independent verification not yet added
199,"Digital Awareness Program at Government Day Secondary School, Talasse, Balanga Gombe State","Shirin Wayar da Kai kan Fasahar Dijital at Government Day Secondary School, Talasse, Balanga Gombe State",Digital Skills & Literacy,Balanga,,Documented in source index,,,,188,188,218,True,Report documented — independent verification not yet added
200,"Internally Displaced Persons (IDP), ICT Skills Acquisition & Training for IDPs in Federal Teaching Collage, (FCE), Gombe","Internally Displaced Persons (IDP), ICT Skills Acquisition & Training for IDPs in Federal Teaching Collage, (FCE), Gombe",Digital Skills & Literacy,Statewide / Unspecified,,Documented in source index,,,,188,188,218,True,Report documented — independent verification not yet added
201,Flag Off of Kolmani Integrated Development Project,Flag Off of Kolmani Integrated Development Project,Other Documented Projects,Statewide / Unspecified,,Documented in source index,,,,189,189,219,True,Report documented — independent verification not yet added
202,"National Housing Project, Gombe State","National Housing Project, Gombe State",Public Infrastructure & Services,Statewide / Unspecified,,Documented in source index,,,,190,190,220,True,Report documented — independent verification not yet added
203,"Road Projects Commissioned, Gombe State","Road Projects Commissioned, Gombe State",Public Infrastructure & Services,Statewide / Unspecified,,Documented in source index,,,,191,191,221,True,Report documented — independent verification not yet added
204,"Distribution of 8,228 Bags of Assorted Food Items","Distribution of 8,228 Bags of Assorted Food Items",Economic Support & Welfare,Statewide / Unspecified,,Documented in source index,,,,197,197,227,True,Report documented — independent verification not yet added
205,Facilitation for the Deployment of Fire Fighting trucks in Gombe,Facilitation for the Deployment of Fire Fighting trucks in Gombe,Public Infrastructure & Services,Statewide / Unspecified,,Documented in source index,,,,199,199,229,True,Report documented — independent verification not yet added
206,NNPC Hospital and Diagnostics Centre,NNPC Hospital and Diagnostics Centre,Health,Statewide / Unspecified,,Documented in source index,,,,200,200,230,True,Report documented — independent verification not yet added
207,Microsoft Emerging Technology Training,Microsoft Emerging Technology Training,Digital Skills & Literacy,Statewide / Unspecified,,Documented in source index,,,,202,202,232,True,Report documented — independent verification not yet added
208,Huawei Training and Academies,Huawei Training and Academies,Digital Skills & Literacy,Statewide / Unspecified,,Documented in source index,,,,203,203,233,True,Report documented — independent verification not yet added
209,KOICA Grant,KOICA Grant,"Policy, Partnerships & Other",Statewide / Unspecified,,Documented in source index,,,,203,203,233,True,Report documented — independent verification not yet added
210,"30,000 Nigerian Citizens Trained on Blockchain Technology","30,000 Nigerian Citizens Trained on Blockchain Technology","Policy, Partnerships & Other",Statewide / Unspecified,,Documented in source index,,,,204,204,234,True,Report documented — independent verification not yet added
211,Installation of Solar Streetlights at Kasuwar Tike Gombe,Girke Fitilun Tituna Masu Amfani da Hasken Rana at Kasuwar Tike Gombe,Public Infrastructure & Services,Statewide / Unspecified,,Documented in source index,,,,204,204,234,True,Report documented — independent verification not yet added
212,Installation of Solar Streetlights at Kasuwar Kumo,Girke Fitilun Tituna Masu Amfani da Hasken Rana at Kasuwar Kumo,Public Infrastructure & Services,Akko,,Documented in source index,,,,205,205,235,True,Report documented — independent verification not yet added
213,Installation of Solar Streetlights at Kasuwar Kaltungo,Girke Fitilun Tituna Masu Amfani da Hasken Rana at Kasuwar Kaltungo,Public Infrastructure & Services,Kaltungo,,Documented in source index,,,,205,205,235,True,Report documented — independent verification not yet added
214,Installation of Solar Streetlights at Kasuwar Malam Sidi—Ten (10) solar poles installed.,Girke Fitilun Tituna Masu Amfani da Hasken Rana at Kasuwar Malam Sidi—Ten (10) solar poles installed.,Public Infrastructure & Services,Kwami,,Documented in source index,,,,205,205,235,True,Report documented — independent verification not yet added
215,Installation of Solar Streetlights at Kwami District Head Mosque,Girke Fitilun Tituna Masu Amfani da Hasken Rana at Kwami District Head Mosque,Public Infrastructure & Services,Kwami,,Documented in source index,,,,205,205,235,True,Report documented — independent verification not yet added
216,Installation of Solar Streetlights at Izala Bolari Mosque,Girke Fitilun Tituna Masu Amfani da Hasken Rana at Izala Bolari Mosque,Public Infrastructure & Services,Gombe,,Documented in source index,,,,205,205,235,True,Report documented — independent verification not yet added
217,Installation of Solar Streetlights at Izala Jos Mosque,Girke Fitilun Tituna Masu Amfani da Hasken Rana at Izala Jos Mosque,Public Infrastructure & Services,Statewide / Unspecified,,Documented in source index,,,,205,205,235,True,Report documented — independent verification not yet added
218,Installation of Solar Streetlights at BubaShango.,Girke Fitilun Tituna Masu Amfani da Hasken Rana at BubaShango.,Public Infrastructure & Services,Statewide / Unspecified,,Documented in source index,,,,205,205,235,True,Report documented — independent verification not yet added
219,Installation of Solar Streetlights at Near Khams Salawat Masjid,Girke Fitilun Tituna Masu Amfani da Hasken Rana at Near Khams Salawat Masjid,Public Infrastructure & Services,Statewide / Unspecified,,Documented in source index,,,,205,205,235,True,Report documented — independent verification not yet added
220,Installation of Solar Streetlights at Kaltungo Central Market,Girke Fitilun Tituna Masu Amfani da Hasken Rana at Kaltungo Central Market,Public Infrastructure & Services,Kaltungo,,Documented in source index,,,,206,206,236,True,Report documented — independent verification not yet added
221,Installation of Solar Streetlights at Tiken Pantami,Girke Fitilun Tituna Masu Amfani da Hasken Rana at Tiken Pantami,Public Infrastructure & Services,Gombe,,Documented in source index,,,,206,206,236,True,Report documented — independent verification not yet added
222,Installation of Solar Streetlights at Tiken T/Dukku,Girke Fitilun Tituna Masu Amfani da Hasken Rana at Tiken T/Dukku,Public Infrastructure & Services,Dukku,,Documented in source index,,,,206,206,236,True,Report documented — independent verification not yet added
223,Installation of Solar Streetlights at Tiken Jami'al,Girke Fitilun Tituna Masu Amfani da Hasken Rana at Tiken Jami'al,Public Infrastructure & Services,Statewide / Unspecified,,Documented in source index,,,,206,206,236,True,Report documented — independent verification not yet added
224,Installation of Solar Streetlights at Tiken BCJ,Girke Fitilun Tituna Masu Amfani da Hasken Rana at Tiken BCJ,Public Infrastructure & Services,Statewide / Unspecified,,Documented in source index,,,,206,206,236,True,Report documented — independent verification not yet added
225,Installation of Solar Streetlights at Miyetti Masjid,Girke Fitilun Tituna Masu Amfani da Hasken Rana at Miyetti Masjid,Public Infrastructure & Services,Statewide / Unspecified,,Documented in source index,,,,206,206,236,True,Report documented — independent verification not yet added
226,Installation of Solar Streetlights at Makarantar Shehu Manzo,Girke Fitilun Tituna Masu Amfani da Hasken Rana at Makarantar Shehu Manzo,Public Infrastructure & Services,Statewide / Unspecified,,Documented in source index,,,,206,206,236,True,Report documented — independent verification not yet added
227,"Installation of Solar Streetlights at School for Higher Islamic Studies, Pantami, JIBWIS.","Girke Fitilun Tituna Masu Amfani da Hasken Rana at School for Higher Islamic Studies, Pantami, JIBWIS.",Public Infrastructure & Services,Gombe,,Documented in source index,,,,206,206,236,True,Report documented — independent verification not yet added
228,Installation of Solar Streetlights at Markaz Science Secondary School,Girke Fitilun Tituna Masu Amfani da Hasken Rana at Markaz Science Secondary School,Public Infrastructure & Services,Statewide / Unspecified,,Documented in source index,,,,206,206,236,True,Report documented — independent verification not yet added
229,Installation of Solar Streetlights at Tsangayar Mal. Ali Pantami,Girke Fitilun Tituna Masu Amfani da Hasken Rana at Tsangayar Mal. Ali Pantami,Public Infrastructure & Services,Gombe,,Documented in source index,,,,206,206,236,True,Report documented — independent verification not yet added
230,Installation of Solar Streetlights at Tsangayar Mal. Ibrahim Hammadu Kafi,Girke Fitilun Tituna Masu Amfani da Hasken Rana at Tsangayar Mal. Ibrahim Hammadu Kafi,Public Infrastructure & Services,Statewide / Unspecified,,Documented in source index,,,,206,206,236,True,Report documented — independent verification not yet added
231,Medical Outreach (In Honour ofProf.Pantami),Medical Outreach (In Honour ofProf.Pantami),Health,Gombe,,Documented in source index,,,,206,206,236,True,Report documented — independent verification not yet added
232,NIRSALand COVID-19 Loans Facilitated to Gombe State,NIRSALand COVID-19 Loans Facilitated to Gombe State,Economic Support & Welfare,Statewide / Unspecified,,Documented in source index,,,,211,211,241,True,Report documented — independent verification not yet added
233,N-Power to Gombe State,N-Power to Gombe State,Jobs & Empowerment,Statewide / Unspecified,,Documented in source index,,,,214,214,244,True,Report documented — independent verification not yet added
234,"Donation of Another 110 Laptop Computers “ for the Federal Teaching Hospital, Gombe","Donation of Another 110 Laptop Computers “ for the Federal Teaching Hospital, Gombe",Education & Devices,Gombe,,Documented in source index,,,,215,215,245,True,Report documented — independent verification not yet added
235,Employment of over 100 People as Casual Workers Again from Gombe State,Employment of over 100 People as Casual Workers Again from Gombe State,Jobs & Empowerment,Statewide / Unspecified,,Documented in source index,,,,215,215,245,True,Report documented — independent verification not yet added
236,"Fountain College of Health Science & Technology, Gombe State","Fountain College of Health Science & Technology, Gombe State",Health,Gombe,,Documented in source index,,,,215,215,245,True,Report documented — independent verification not yet added
237,"Fountain College of Health Science & Technology, Gombe State","Fountain College of Health Science & Technology, Gombe State",Health,Gombe,,Documented in source index,,,,216,216,246,True,Report documented — independent verification not yet added
238,Established and commission a computer based center (CBT) in Gombe State,Established and commission a computer based center (CBT) in Gombe State,Digital Centres & Innovation,Statewide / Unspecified,,Documented in source index,,,,216,216,246,True,Report documented — independent verification not yet added
239,Successfully constituted and inaugurated the boards of Newly established NIPOST Logistics and Transport Company LTD.,Successfully constituted and inaugurated the boards of Newly established NIPOST Logistics and Transport Company LTD.,Public Infrastructure & Services,Statewide / Unspecified,,Documented in source index,,,,217,217,247,True,Report documented — independent verification not yet added
240,The implementation of new operation tariffs/license for Courier Operators in Nigeria,The implementation of new operation tariffs/license for Courier Operators in Nigeria,"Policy, Partnerships & Other",Statewide / Unspecified,,Documented in source index,,,,217,217,247,True,Report documented — independent verification not yet added
241,"The Sponsorship for Gombe State indigens to attend Global ICT Events in the Middle East, Europe, and America.","The Sponsorship for Gombe State indigens to attend Global ICT Events in the Middle East, Europe, and America.","Policy, Partnerships & Other",Statewide / Unspecified,,Documented in source index,,,,217,217,247,True,Report documented — independent verification not yet added
242,"Donation of another 100 laptop computers, 100 computer bags, and 100 e-Cards by Professor Isa Ali Ibrahim Pantami to the Federal Teaching Hospital, Gombe to the Electronic System earlier deployed for the hospital.","Donation of another 100 laptop computers, 100 computer bags, and 100 e-Cards by Professor Isa Ali Ibrahim Pantami to the Federal Teaching Hospital, Gombe to the Electronic System earlier deployed for the hospital.",Education & Devices,Gombe,,Documented in source index,,,,217,217,247,True,Report documented — independent verification not yet added
